{
  "id": "17544c06-dc25-45be-a8a4-b14696686248",
  "name": "First_Floor",
  "isOverridable": true,
  "entries": [
    {
      "value": "Departmental Store",
      "synonyms": [
        "Departmental Store",
        "West Side",
        "Gap",
        "Pantaloons",
        "Westside"
      ]
    },
    {
      "value": "Kids Wear",
      "synonyms": [
        "Kids Wear",
        "Kids",
        "Wear",
        "The Children\u0027s place",
        "children\u0027s place"
      ]
    },
    {
      "value": "Women\u0027s Fashion and Ethinic Wear",
      "synonyms": [
        "Women\u0027s Fashion and Ethinic Wear",
        "Latin Quarters",
        "Latin",
        "Quarters",
        "global desi",
        "global",
        "desi",
        "biba",
        "forever new",
        "jashn",
        "noi",
        "forever 21"
      ]
    },
    {
      "value": "Men\u0027s Formal and Fashion Wear",
      "synonyms": [
        "Men\u0027s Formal and Fashion Wear",
        "park avenue",
        "avenue",
        "park",
        "jack and jones",
        "jack",
        "jones",
        "creyate",
        "us polo assn",
        "us polo",
        "polo",
        "us assn",
        "blackberrys",
        "arrow",
        "color plus",
        "gant",
        "nautica",
        "peter england",
        "mufti"
      ]
    },
    {
      "value": "Hand Bags",
      "synonyms": [
        "Hand Bags",
        "komenaro"
      ]
    },
    {
      "value": "Unisex Fashion - Casual and Denim Wear",
      "synonyms": [
        "Unisex Fashion - Casual and Denim Wear",
        "scullers",
        "being human",
        "jockey",
        "all",
        "fab india",
        "pepe jeans",
        "spykar",
        "wrangler",
        "allen solly",
        "levi\u0027s",
        "lee",
        "ucb",
        "united colors of benetton",
        "van heusen"
      ]
    },
    {
      "value": "Unisex - Accessories and Jewellery",
      "synonyms": [
        "Unisex - Accessories and Jewellery",
        "add ons",
        "women",
        "satya paul",
        "satya",
        "paul",
        "aldo accessories"
      ]
    },
    {
      "value": "Travel and Leisure",
      "synonyms": [
        "Travel and Leisure",
        "Travel",
        "Leisure",
        "samsonite business",
        "samsonite",
        "business"
      ]
    },
    {
      "value": "Coffee Shop",
      "synonyms": [
        "Coffee Shop",
        "Cafe moshes",
        "moshes",
        "cafe"
      ]
    },
    {
      "value": "firstfloor",
      "synonyms": [
        "firstfloor"
      ]
    },
    {
      "value": "first",
      "synonyms": [
        "first"
      ]
    },
    {
      "value": "there",
      "synonyms": [
        "there"
      ]
    }
  ],
  "isEnum": false,
  "automatedExpansion": false
}