{
  "id": "899ee461-ae40-41f5-9240-dceccca74b31",
  "name": "floornumber",
  "isOverridable": true,
  "entries": [
    {
      "value": "First",
      "synonyms": [
        "First",
        "first",
        "1st",
        "1",
        "one"
      ]
    },
    {
      "value": "Second",
      "synonyms": [
        "Second",
        "2nd",
        "2",
        "sec",
        "two"
      ]
    },
    {
      "value": "Third",
      "synonyms": [
        "Third",
        "third",
        "3rd",
        "three"
      ]
    },
    {
      "value": "Ground",
      "synonyms": [
        "Ground",
        "lower ground floor",
        "lower",
        "ground floor"
      ]
    }
  ],
  "isEnum": false,
  "automatedExpansion": false
}