{
  "id": "c1b58f71-bd18-4db7-a9e7-986b0d8e34b6",
  "name": "Lower_Ground_Floor",
  "isOverridable": true,
  "entries": [
    {
      "value": "Departmental Store",
      "synonyms": [
        "Departmental Store",
        "Big Baazar",
        "Baazar",
        "Reliance Trends",
        "Reliance",
        "Trends",
        "Clothing",
        "Clothes",
        "Ethnicity",
        "City"
      ]
    },
    {
      "value": "Home and Lifestyle",
      "synonyms": [
        "Home and Lifestyle",
        "one stop",
        "home",
        "furniture",
        "lifestyle"
      ]
    },
    {
      "value": "Casual and Denim Wear",
      "synonyms": [
        "Casual and Denim Wear",
        "Marks and Spencer",
        "Marks",
        "Spencer"
      ]
    },
    {
      "value": "Health, Beauty, Salon and Spa",
      "synonyms": [
        "Health, Beauty, Salon and Spa",
        "Health",
        "Beauty",
        "Salon",
        "Spa",
        "Health and Glow",
        "Glow",
        "Bodhi Thai Spa",
        "Bodhi",
        "Thai Spa",
        "Organic Harvest",
        "Organic",
        "harvest",
        "Enrich Salon",
        "Enrich",
        "Tip and Toe The nail club",
        "tip \u0026 toe",
        "nail club",
        "kaya skin clinic",
        "skin clinic",
        "kaya",
        "jean claude biguine",
        "jean claude biguine salon and spa"
      ]
    },
    {
      "value": "Electronics and Games",
      "synonyms": [
        "Electronics and Games",
        "Electronics",
        "Games",
        "E Zone",
        "Eletronic Zone",
        "The games shop",
        "games shop",
        "i store",
        "electronic store",
        "vivo mobile",
        "vivo store",
        "vivo",
        "hp world checkmate",
        "hp laptop",
        "hp",
        "hp store",
        "samsung smart phone cafe",
        "samsung",
        "phone cafe",
        "smart phone"
      ]
    },
    {
      "value": "Gifting and Novelties",
      "synonyms": [
        "Gifting and Novelties",
        "Gifts",
        "Novelties",
        "hobby ideas",
        "hobby",
        "ideas",
        "funkyard"
      ]
    },
    {
      "value": "EyeWear and Watches",
      "synonyms": [
        "EyeWear and Watches",
        "Eyewaer",
        "Watches",
        "Titan Eye +",
        "Titan",
        "Eye +",
        "Eye",
        "Spectacles",
        "Specs",
        "Goggles",
        "Aviators",
        "GKB Opticals",
        "Optics",
        "Opticals",
        "Mac V Eyewear",
        "Eyewear",
        "Mac V",
        "Mac Eyewear"
      ]
    },
    {
      "value": "Coffee Shop",
      "synonyms": [
        "Coffee Shop",
        "Coffee",
        "The Coffee Bean and Tea Leaf",
        "Tea leaf",
        "Coffee Bean",
        "Bean",
        "Tea"
      ]
    },
    {
      "value": "Restaurant and FoodCourt",
      "synonyms": [
        "Restaurant and FoodCourt",
        "Restaurant",
        "FoodCourt",
        "Food",
        "The Cookie Man",
        "Cookie",
        "Cookies"
      ]
    }
  ],
  "isEnum": false,
  "automatedExpansion": false
}