{
  "id": "8fb7637b-5a5d-4cc4-8289-9d3fd672eb4b",
  "name": "Second_Floor",
  "isOverridable": true,
  "entries": [
    {
      "value": "Departmental Store",
      "synonyms": [
        "Departmental Store",
        "max"
      ]
    },
    {
      "value": "Kids Wear",
      "synonyms": [
        "Kids Wear",
        "chicco",
        "gini and jonny",
        "gini",
        "jonny",
        "barbire",
        "tommy hilfiger kids",
        "ucb kids",
        "mothercare"
      ]
    },
    {
      "value": "Women\u0027s Fashion and Ethinic Wear",
      "synonyms": [
        "Women\u0027s Fashion and Ethinic Wear",
        "soch",
        "park avenue women",
        "park avenue"
      ]
    },
    {
      "value": "Men\u0027s Formal and Fashion Wear",
      "synonyms": [
        "Men\u0027s Formal and Fashion Wear",
        "manyavar"
      ]
    },
    {
      "value": "Hand Bags",
      "synonyms": [
        "Hand Bags",
        "baggit",
        "esbeda",
        "rhysetta",
        "lavie"
      ]
    },
    {
      "value": "Active Wear - Sports",
      "synonyms": [
        "Active Wear - Sports",
        "sports shop",
        "sports",
        "planet sports",
        "planet",
        "fila",
        "columbia",
        "nike",
        "adidas",
        "reebok",
        "puma",
        "urban yoga",
        "speedo",
        "vans"
      ]
    },
    {
      "value": "Unisex Fashion - Casual and Denim Wear",
      "synonyms": [
        "Unisex Fashion - Casual and Denim Wear",
        "cotton world",
        "cotton",
        "world",
        "splash"
      ]
    },
    {
      "value": "Unisex - Accessories and Jewellery",
      "synonyms": [
        "Unisex - Accessories and Jewellery",
        "claires",
        "kiah diamond",
        "kiah",
        "bharat and dorris",
        "bharat",
        "dorris"
      ]
    },
    {
      "value": "Health, Beauty, Salon and Spa",
      "synonyms": [
        "Health, Beauty, Salon and Spa",
        "faces"
      ]
    },
    {
      "value": "Gifting and Novelties",
      "synonyms": [
        "Gifting and Novelties",
        "Ethinic Clock Makers",
        "Clock Makers"
      ]
    },
    {
      "value": "Footwear",
      "synonyms": [
        "Footwear",
        "catwalk",
        "gossip shoes",
        "metro shoes",
        "pavers england",
        "pavers",
        "reliance footprint",
        "footprint",
        "woodland",
        "bata",
        "ruosh",
        "converse"
      ]
    },
    {
      "value": "Travel and Leisure",
      "synonyms": [
        "Travel and Leisure",
        "vip lounge",
        "lounge",
        "vip",
        "bagzone",
        "wildcraft"
      ]
    },
    {
      "value": "there",
      "synonyms": [
        "there"
      ]
    },
    {
      "value": "ground",
      "synonyms": [
        "ground"
      ]
    },
    {
      "value": "groundfloor",
      "synonyms": [
        "groundfloor"
      ]
    }
  ],
  "isEnum": false,
  "automatedExpansion": false
}