{
  "id": "da232bd6-3382-490f-927f-8cb4977fa8fb",
  "name": "Third_Floor",
  "isOverridable": true,
  "entries": [
    {
      "value": "Electronics and Games",
      "synonyms": [
        "Electronics and Games",
        "Electronics",
        "Games",
        "Hamleys"
      ]
    },
    {
      "value": "IceCream/Chillers/Dessets",
      "synonyms": [
        "Ice Cream",
        "IceCream",
        "Chillers",
        "Desserts",
        "amore",
        "chandan mukwas",
        "mukwas",
        "chandan",
        "i dezzerts",
        "has juice",
        "sweet bengal",
        "mad over donuts",
        "the big squeeze",
        "chocolate fountain",
        "baskin robbins",
        "mc donalds",
        "mcd",
        "mc d"
      ]
    },
    {
      "value": "Restaurant - FoodCourt",
      "synonyms": [
        "Restaurant - FoodCourt",
        "Foodcourt",
        "food",
        "court",
        "california pizza kitchen",
        "cfk",
        "pizza kitchen",
        "mainland china",
        "mainland",
        "china",
        "zaffran",
        "hoppipola",
        "bombay blue",
        "panchavati gaurav",
        "kfc",
        "only parathas",
        "burger king",
        "kebab korner",
        "mc donald\u0027s",
        "falafels",
        "kailash parbat",
        "domino\u0027s pizza",
        "dominos",
        "subway",
        "flavours of china",
        "sbarro",
        "malgudi simply south",
        "simply south",
        "malgudi",
        "rollacosta",
        "sanskriti",
        "moktu momos",
        "ccd",
        "cafe coffee day",
        "got the munchies",
        "tibbs frankie"
      ]
    },
    {
      "value": "Cinemas",
      "synonyms": [
        "Cinemas",
        "Family",
        "Entertainment",
        "Movie"
      ]
    },
    {
      "value": "Planet Infiniti",
      "synonyms": [
        "Planet Infiniti",
        "Infiniti",
        "Planet",
        "Bumper Wars",
        "5D rider",
        "Cosmic wave",
        "play maze",
        "infiniti carousel",
        "transforce",
        "gizmo pop",
        "gyro bike",
        "astro express",
        "sonic drop",
        "galaxy winder",
        "space jam",
        "bowling alley"
      ]
    },
    {
      "value": "groundfloor",
      "synonyms": [
        "groundfloor"
      ]
    },
    {
      "value": "ground",
      "synonyms": [
        "ground"
      ]
    }
  ],
  "isEnum": false,
  "automatedExpansion": false
}