{
  "id": "9459d687-0e93-4017-820c-6dbf05b95d8a",
  "name": "to",
  "isOverridable": true,
  "entries": [
    {
      "value": "Departmental Store",
      "synonyms": [
        "Departmental Store",
        "departmental",
        "store",
        "Big Baazar",
        "Baazar",
        "Reliance Trends",
        "Reliance",
        "Trends",
        "Clothing",
        "Clothes",
        "Ethnicity",
        "City",
        "westside",
        "West Side",
        "max",
        "gap",
        "zara",
        "zaara",
        "clothes",
        "clothing",
        "Gap",
        "Pantaloons",
        "Westside"
      ]
    },
    {
      "value": "Home and Lifestyle",
      "synonyms": [
        "Home and Lifestyle",
        "lifestyle",
        "home",
        "fashion",
        "holii",
        "hidesign"
      ]
    },
    {
      "value": "Health, Beauty, Salon and Spa",
      "synonyms": [
        "Health, Beauty, Salon and Spa",
        "Health",
        "Beauty",
        "Salon",
        "Spa",
        "Health and Glow",
        "Bodhi Thai Spa",
        "Glow",
        "Bodhi",
        "Thai Spa",
        "Organic Harvest",
        "Organic",
        "harvest",
        "Enrich Salon",
        "Enrich",
        "Tip and Toe The nail club",
        "tip \u0026 toe",
        "nail club",
        "kaya skin clinic",
        "skin clinic",
        "kaya",
        "jean claude biguine",
        "jean claude biguine salon and spa",
        "inglot",
        "faces",
        "forest essentials",
        "forest",
        "the body shop",
        "body shop",
        "parcos",
        "colorbar usa",
        "usa",
        "colorbar"
      ]
    },
    {
      "value": "Reliance",
      "synonyms": [
        "Reliance",
        "trends",
        "clothes",
        "clothing",
        "Reliance trends"
      ]
    },
    {
      "value": "titan",
      "synonyms": [
        "titan",
        "goggles",
        "eyewear"
      ]
    },
    {
      "value": "big baazar",
      "synonyms": [
        "big baazar"
      ]
    },
    {
      "value": "Electronics and Games",
      "synonyms": [
        "Electronics and Games",
        "Electronics",
        "Games",
        "E Zone",
        "Eletronic Zone",
        "The games shop",
        "games shop",
        "i store",
        "electronic store",
        "vivo mobile",
        "vivo store",
        "vivo",
        "hp world checkmate",
        "hp laptop",
        "hp",
        "hp store",
        "samsung smart phone cafe",
        "samsung",
        "phone cafe",
        "smart phone",
        "Games",
        "Hamleys"
      ]
    },
    {
      "value": "Gifting and Novelties",
      "synonyms": [
        "Gifting and Novelties",
        "Gifting",
        "gifts",
        "novelty",
        "novelties",
        "Ethinic Clock Makers",
        "Clock Makers"
      ]
    },
    {
      "value": "EyeWear and Watches",
      "synonyms": [
        "EyeWear and Watches",
        "Eyewear",
        "Watches",
        "Titan Eye +",
        "Titan",
        "Eye +",
        "Eye",
        "Spectacles",
        "Specs",
        "Goggles",
        "Aviators",
        "GKB Opticals",
        "Optics",
        "Opticals",
        "Mac V Eyewear",
        "Eyewear",
        "Mac V",
        "Mac Eyewear",
        "watches and more",
        "sunglass hut",
        "sunglass",
        "ethos"
      ]
    },
    {
      "value": "Coffee Shop",
      "synonyms": [
        "Coffee Shop",
        "Coffee",
        "The Coffee Bean and Tea Leaf",
        "Tea lea",
        "Coffee",
        "Bean",
        "BeanTea",
        "cappuccino",
        "Cafe moshes",
        "starbucks",
        "moshes",
        "cafe"
      ]
    },
    {
      "value": "Restaurant and FoodCourt",
      "synonyms": [
        "Restaurant and FoodCourt",
        "Restaurant",
        "FoodCourt",
        "Food",
        "The Cookie Man",
        "Cookie",
        "Cookies"
      ]
    },
    {
      "value": "Toilet",
      "synonyms": [
        "Toilet",
        "restroom",
        "washroom",
        "toilet",
        "loo",
        "bathroom"
      ]
    },
    {
      "value": "Women\u0027s Fashion and Ethinic Wear",
      "synonyms": [
        "Women\u0027s Fashion and Ethinic Wear",
        "Womens",
        "Latin Quarters",
        "soch",
        "Fashion",
        "Ethinic Wear",
        "forever 21",
        "forever",
        "21",
        "bebe",
        "promod",
        "and",
        "only",
        "ritu kumar",
        "ritu",
        "kumar",
        "veromoda",
        "Latin",
        "Quarters",
        "global desi",
        "global",
        "desi",
        "biba",
        "forever new",
        "jashn",
        "noi",
        "forever 21",
        "park avenue women",
        "park avenue"
      ]
    },
    {
      "value": "Men\u0027s Formal and Fashion Wear",
      "synonyms": [
        "Men\u0027s Formal and Fashion Wear",
        "Men",
        "park avenue",
        "manyavar",
        "Formal",
        "Fashion Wear",
        "beverly hills polo club",
        "beverly hills",
        "polo club",
        "celio",
        "zodiac",
        "louis phillipe",
        "louis",
        "phillipe",
        "avenue",
        "park",
        "jack and jones",
        "jack",
        "jones",
        "creyate",
        "us polo assn",
        "us polo",
        "polo",
        "us assn",
        "blackberrys",
        "arrow",
        "color plus",
        "gant",
        "nautica",
        "peter england",
        "mufti×"
      ]
    },
    {
      "value": "Hand Bags",
      "synonyms": [
        "Hand Bags",
        "Handy",
        "komenaro",
        "baggit",
        "Bags",
        "Da Milano",
        "Da",
        "Milano",
        "esbeda",
        "rhysetta",
        "lavie×"
      ]
    },
    {
      "value": "Unisex Fashion - Casual and Denim Wear",
      "synonyms": [
        "Unisex Fashion - Casual and Denim Wear",
        "Unisex",
        "scullers",
        "cotton world",
        "Fashion",
        "Casual Wear",
        "Denim",
        "Casual",
        "Denim Wear",
        "lacoste",
        "tommy hilfiger",
        "tommyhilfiger",
        "calvin klein jeans",
        "calvin",
        "klein",
        "jeans",
        "kids jeans",
        "guess",
        "provogue",
        "william penn",
        "william",
        "pennpen",
        "armani jeans",
        "armani",
        "gas",
        "superdry",
        "super",
        "dry",
        "being human",
        "jockey",
        "all",
        "fab india",
        "pepe jeans",
        "spykar",
        "wrangler",
        "allen solly",
        "levi\u0027s",
        "lee",
        "ucb",
        "united colors of benetton",
        "van heusen",
        "cotton",
        "world",
        "splash"
      ]
    },
    {
      "value": "Unisex - Accessories and Jewellery",
      "synonyms": [
        "Unisex - Accessories and Jewellery",
        "Accessories",
        "add ons",
        "Jewellery",
        "aldo",
        "accessorize",
        "women",
        "satya paul",
        "satya",
        "paul",
        "aldo accessories"
      ]
    },
    {
      "value": "Footwear",
      "synonyms": [
        "Footwear",
        "charles and keith",
        "catwalk",
        "charles",
        "keith",
        "aldo",
        "steve madden",
        "steve",
        "madden",
        "clarks",
        "gossip shoes",
        "metro shoes",
        "pavers england",
        "pavers",
        "reliance footprint",
        "footprint",
        "woodland",
        "bata",
        "ruosh",
        "converse"
      ]
    },
    {
      "value": "Lingerie and Beauty",
      "synonyms": [
        "Lingerie and Beauty",
        "Lingerie",
        "Beauty",
        "marks and spencer - lingerie and beauty",
        "marks",
        "spencer",
        "wacoal"
      ]
    },
    {
      "value": "Kids Wear",
      "synonyms": [
        "Kids Wear",
        "chicco",
        "Kids",
        "Wear",
        "The Children\u0027s place",
        "children\u0027s place",
        "gini and jonny",
        "gini",
        "jonny",
        "barbire",
        "tommy hilfiger kids",
        "ucb kids",
        "mothercare"
      ]
    },
    {
      "value": "Travel and Leisure",
      "synonyms": [
        "Travel and Leisure",
        "Travel",
        "vip lounge",
        "Leisure",
        "samsonite business",
        "samsonite",
        "business",
        "lounge",
        "vip",
        "bagzone",
        "wildcraft"
      ]
    },
    {
      "value": "Active Wear - Sports",
      "synonyms": [
        "Active Wear - Sports",
        "sports shop",
        "sports",
        "planet sports",
        "planet",
        "fila",
        "columbia",
        "nike",
        "adidas",
        "reebok",
        "puma",
        "urban yoga",
        "speedo",
        "vans"
      ]
    },
    {
      "value": "IceCream/Chillers/Dessets",
      "synonyms": [
        "IceCream/Chillers/Dessets",
        "IceCream",
        "Chillers",
        "Desserts",
        "amore",
        "chandan mukwas",
        "mukwas",
        "chandan",
        "i dezzerts",
        "has juice",
        "sweet bengal",
        "mad over donuts",
        "the big squeeze",
        "chocolate fountain",
        "baskin robbins",
        "mc donalds",
        "mcd",
        "mc d"
      ]
    },
    {
      "value": "Restaurant - FoodCourt",
      "synonyms": [
        "Restaurant - FoodCourt",
        "Foodcourt",
        "food",
        "court",
        "california pizza kitchen",
        "cfk",
        "pizza kitchen",
        "mainland china",
        "mainland",
        "china",
        "zaffran",
        "hoppipola",
        "bombay blue",
        "panchavati gaurav",
        "kfc",
        "only parathas",
        "burger king",
        "kebab korner",
        "mc donald\u0027s",
        "falafels",
        "kailash parbat",
        "domino\u0027s pizza",
        "dominos",
        "subway",
        "flavours of china",
        "sbarro",
        "malgudi simply south",
        "simply south",
        "malgudi",
        "rollacosta",
        "sanskriti",
        "moktu momos",
        "ccd",
        "cafe coffee day",
        "got the munchies",
        "tibbs frankie"
      ]
    },
    {
      "value": "Cinemas",
      "synonyms": [
        "Cinemas",
        "Family",
        "Entertainment",
        "Movie"
      ]
    },
    {
      "value": "Planet Infiniti",
      "synonyms": [
        "Planet Infiniti",
        "Infiniti",
        "Planet",
        "Bumper Wars",
        "5D rider",
        "Cosmic wave",
        "play maze",
        "infiniti carousel",
        "transforce",
        "gizmo pop",
        "gyro bike",
        "astro express",
        "sonic drop",
        "galaxy winder",
        "space jam",
        "bowling alley"
      ]
    },
    {
      "value": "there",
      "synonyms": [
        "there"
      ]
    },
    {
      "value": "here",
      "synonyms": [
        "here"
      ]
    }
  ],
  "isEnum": false,
  "automatedExpansion": false
}