{
  "id": "2e4bac8a-1cd1-4a87-8b36-fba52c5ead05",
  "name": "Upper_Ground_Floor",
  "isOverridable": true,
  "entries": [
    {
      "value": "Departmental Store",
      "synonyms": [
        "Departmental Store",
        "westside",
        "gap",
        "zara",
        "zaara",
        "clothes",
        "clothing"
      ]
    },
    {
      "value": "Home and Lifestyle",
      "synonyms": [
        "Home and Lifestyle",
        "Home",
        "Lifestyle",
        "holii",
        "hidesign"
      ]
    },
    {
      "value": "Women\u0027s Fashion and Ethinic Wear",
      "synonyms": [
        "Women\u0027s Fashion and Ethinic Wear",
        "Womens",
        "Fashion",
        "Ethinic Wear",
        "forever 21",
        "forever",
        "21",
        "bebe",
        "promod",
        "and",
        "only",
        "ritu kumar",
        "ritu",
        "kumar",
        "veromoda"
      ]
    },
    {
      "value": "Men\u0027s Formal and Fashion Wear",
      "synonyms": [
        "Men\u0027s Formal and Fashion Wear",
        "Men",
        "Formal",
        "Fashion Wear",
        "beverly hills polo club",
        "beverly hills",
        "polo club",
        "celio",
        "zodiac",
        "louis phillipe",
        "louis",
        "phillipe"
      ]
    },
    {
      "value": "Hand Bags",
      "synonyms": [
        "Hand Bags",
        "Handy",
        "Bags",
        "Da Milano",
        "Da",
        "Milano"
      ]
    },
    {
      "value": "Unisex Fashion - Casual and Denim Wear",
      "synonyms": [
        "Unisex Fashion - Casual and Denim Wear",
        "Unisex",
        "Fashion",
        "Casual Wear",
        "Denim",
        "Casual",
        "Denim",
        "Denim Wear",
        "lacoste",
        "tommy hilfiger",
        "tommyhilfiger",
        "calvin klein jeans",
        "calvin",
        "klein",
        "jeans",
        "kids jeans",
        "guess",
        "provogue",
        "william penn",
        "william",
        "penn",
        "pen",
        "armani jeans",
        "armani",
        "gas",
        "superdry",
        "super",
        "dry"
      ]
    },
    {
      "value": "Unisex - Accessories and Jewellery",
      "synonyms": [
        "Unisex - Accessories and Jewellery",
        "Accessories",
        "Jewellery",
        "aldo",
        "accessorize"
      ]
    },
    {
      "value": "Health, Beauty, Salon and Spa",
      "synonyms": [
        "Health, Beauty, Salon and Spa",
        "inglot",
        "forest essentials",
        "forest",
        "the body shop",
        "body shop",
        "parcos",
        "colorbar usa",
        "usa",
        "colorbar"
      ]
    },
    {
      "value": "EyeWear and Watches",
      "synonyms": [
        "EyeWear and Watches",
        "Eyewear",
        "Watches",
        "watches and more",
        "sunglass hut",
        "sunglass",
        "ethos"
      ]
    },
    {
      "value": "Footwear",
      "synonyms": [
        "Footwear",
        "charles and keith",
        "charles",
        "keith",
        "aldo",
        "steve madden",
        "steve",
        "madden",
        "clarks"
      ]
    },
    {
      "value": "Lingerie and Beauty",
      "synonyms": [
        "Lingerie and Beauty",
        "Lingerie",
        "Beauty",
        "marks and spencer - lingerie and beauty",
        "marks",
        "spencer",
        "wacoal"
      ]
    },
    {
      "value": "Coffee Shop",
      "synonyms": [
        "Coffee Shop",
        "Coffee",
        "Cap",
        "cappuccino",
        "starbucks"
      ]
    },
    {
      "value": "ground",
      "synonyms": [
        "ground"
      ]
    },
    {
      "value": "groundfloor",
      "synonyms": [
        "groundfloor"
      ]
    },
    {
      "value": "there",
      "synonyms": [
        "there"
      ]
    }
  ],
  "isEnum": false,
  "automatedExpansion": false
}